,1ELW,5GP7,4O36,6EVN,3UPV,1FCH,4GNE,1JD5,2HO2,5GU4,4EQJ,4X3H,1OAI,3ASL,3D9T,6IM4,3IQG,1MF4,3SOU
5GP7,15.03,84.6,-2.08,1.19,-3.64,1.7,0.82,0.29,15.91,-3.65,-0.11,1.38,1.3,11.38,2.04,4.48,0.08,1.64,13.16
1ELW,64.5,15.03,-3.62,5.1,2.58,6.27,2.64,3.62,10.02,-0.31,1.1,4.08,4.07,6.2,1,2.22,-0.02,2.97,2.92
4O36,-3.62,-2.08,116.3,-2.04,2.08,0.98,-1.19,0.41,-1.1,-1.18,-2.29,-1.02,-6.73,-0.12,-0.83,-1.86,0.37,0.62,-0.64
3UPV,2.58,-3.64,2.08,-0.91,48.93,1.13,0.66,-3.49,-0.41,5.77,0.41,2.53,-5.2,-1.12,-2.32,2.65,0,1.42,0
6EVN,5.1,1.19,-2.04,88.63,-0.91,1.97,2.13,4.43,5.7,-0.09,2.43,2.58,4.6,5.18,-0.93,2.18,-0.09,1.72,0.46
4GNE,2.64,0.82,-1.19,2.13,0.66,2.88,41.5,1.43,1.38,-5.94,4.85,8.46,3.1,8.49,10.91,2.85,0,3.32,2.12
1FCH,6.27,1.7,0.98,1.97,1.13,33.47,2.88,0.71,4.49,-0.45,1.99,11.86,2.59,2.52,1.96,0.3,1.53,1.43,3.85
2HO2,10.02,15.91,-1.1,5.7,-0.41,4.49,1.38,8.35,102.27,-0.16,0.07,4.12,5,6.62,8.16,8.74,-2.11,1.86,3.71
1JD5,3.62,0.29,0.41,4.43,-3.49,0.71,1.43,68.53,8.35,-0.99,1.72,6.03,3.17,0.64,1.21,0.12,-0.04,0.22,2.39
5GU4,-0.31,-3.65,-1.18,-0.09,5.77,-0.45,-5.94,-0.99,-0.16,44.1,-0.14,-0.58,2.2,-0.18,-3.24,-1.11,7.58,-0.01,-0.18
4EQJ,1.1,-0.11,-2.29,2.43,0.41,1.99,4.85,1.72,0.07,-0.14,41.97,9.05,2.39,2,9.32,2.17,-0.34,2.05,-1.23
4X3H,4.08,1.38,-1.02,2.58,2.53,11.86,8.46,6.03,4.12,-0.58,9.05,75.6,2.35,2.59,5.47,1.13,-0.17,3.22,1.89
3ASL,6.2,11.38,-0.12,5.18,-1.12,2.52,8.49,0.64,6.62,-0.18,2,2.59,4.32,75.3,7.12,3.02,-0.05,1.81,37.9
1OAI,4.07,1.3,-6.73,4.6,-5.2,2.59,3.1,3.17,5,2.2,2.39,2.35,86.27,4.32,4.93,1.57,-0.01,2.55,6.06
3D9T,1,2.04,-0.83,-0.93,-2.32,1.96,10.91,1.21,8.16,-3.24,9.32,5.47,4.93,7.12,42.9,9.92,0,2.81,0.1
6IM4,2.22,4.48,-1.86,2.18,2.65,0.3,2.85,0.12,8.74,-1.11,2.17,1.13,1.57,3.02,9.92,43.83,0,1.02,1.84
3IQG,-0.02,0.08,0.37,-0.09,0,0,0,-0.04,0,7.58,-0.34,-0.17,-0.01,-0.05,0,0,31.43,2,-0.08
1MF4,2.97,1.64,0.62,1.72,1.42,1.43,3.32,0.22,1.86,-0.01,2.05,3.22,2.55,1.81,2.81,1.02,1.25,35.87,0.5
3SOU,2.92,13.16,-0.64,0.46,0,3.85,2.12,2.39,3.71,-0.18,-1.23,1.89,6.06,37.9,0.1,1.84,-0.08,0.5,65.1
