,1CKA,1D4T,1ELW,1FCH,1GWR,1JD5,1LB6,1MF4,1MFG,1OAI,1T7R,1X2R,1YWO,2HO2,2O9V,2OEI,2PEH,2PV1,2QBW,2WA8,2XRW,3ASL,3CH8,3D9T,3DIW,3DRF,3DRG,3EMH,3IQG,3IVV,3L3X,3OBQ,3R42,3RYB,3SO6,3SOU,3UPV,3UVK,3UVM,4AIF,4APO,4CC2,4CY1,4E3B,4EQJ,4ERY,4EWR,4F14,4GNE,4GQ6,4H39,4IKN,4J73,4J78,4J81,4JOE,4K75,4LN2,4LNP,4MDR,4NXQ,4O36,4WYU,4X3H,4XHV,4Y7R,4YSI,4ZHL,5A2J,5CFA,5E1D,5E2Q,5GP7,5GU4,5HEB,5HEY,5WOU,5XHZ,5YGF,6CDG,6EVN,6IM4
1CKA,602.97,47.66,6.85,5.77,25.06,41.06,25.78,37.52,44.55,8.23,24.34,48.53,261.3,36.09,305.63,42.13,27.46,44.45,47.26,35.28,53.26,26.51,35.94,27.5,37.14,40.14,10.45,63.53,45.24,54.39,19.83,39.77,35.47,12.8,49.26,30.21,-29.76,64.1,62.95,-22.75,-18.97,273.88,63.79,46.53,36.41,63.69,63.05,278.09,25.59,30.85,56.13,34.47,72.24,67.32,67.01,50.72,55.18,301.72,329.64,45.12,64.06,0.32,43.06,19.32,61.22,65.13,37.71,59.76,56.09,40.14,27,46.99,39.72,64.37,60.22,57.18,59.16,291.87,106.12,43.22,-22.53,20.99
1D4T,47.66,1077.03,-6.68,2.8,6.12,31.5,63.89,14.16,50.87,50.32,20.6,69.5,49.13,31.23,46.13,39.52,53.36,39.77,67.99,56.4,39.8,19.52,53.57,19.24,39.68,37.55,45.67,67.65,58,62.37,-13.5,63.78,66.53,40.9,36.54,10.13,12.19,40.68,46.13,4.93,10.51,59,9.41,44.33,24.78,75.71,40.6,37.61,-4.31,71.36,28.71,33.24,33.78,68.79,48.77,36.81,32.85,43.12,37.94,29.06,55.45,9.31,64.24,47.01,40.1,41.33,37.37,-11.52,40.08,63.8,52.15,79.36,7.12,53.59,39.07,46.27,61.26,45.67,42.66,73.47,9.6,17.59
1ELW,-29.25,-10.14,985.13,395.59,78.59,32.1,-27.94,58.12,10.16,61.18,67.12,-96.03,-17.12,-7.58,-26.42,-24.77,24.01,30.8,-15.54,24.32,37.77,-2.39,-3.51,31.77,7.86,62.36,65.4,-76.58,36.89,-18.13,66.76,65.31,26.99,56.14,-5.57,-9.25,445.38,-63.22,-77.33,340.05,341.02,6.75,-75.12,9.72,-21.81,-92.62,-43.97,-25.73,-55.41,216.39,59.42,-52.3,-31.34,-35.76,-43.41,8.52,4.58,-26.78,-28.34,-95.47,12.01,12.47,2.72,39.86,-0.38,-52.13,-19.03,0.31,-32.93,-30.45,26.44,95.5,43.58,50.11,5.08,-4.97,18.41,-34.27,12.37,-26.53,224.46,192.05
1FCH,5.77,2.75,395.59,2527.5,97.44,52.55,0.37,37.06,26.59,61.69,86.53,-188,10.96,15.99,-21.58,16.62,30.94,36.85,-62.73,33.51,37.06,12.79,13.36,46.05,0.56,-14.42,25.97,-179.14,45.71,-28.71,72.18,7.53,32.03,-2.43,41.66,10.48,410.46,-174.48,-175.24,316.4,316.5,-5.21,-185.36,-4.17,-39.1,-176.37,-193.98,22.29,-14.69,204.63,21.3,-111.58,-144.83,-155.35,-143.92,12.28,24.98,3.29,12.34,-69.39,6.77,11.29,-13.54,35.5,2.6,-167.12,-41.4,-73.87,-100.47,-108.79,32,73.01,73.63,30.17,6.39,11.33,21.5,11.68,-8.3,-2.8,267.57,357.49
1GWR,32.63,45.17,73.59,95.81,2014,29.29,-33.38,49.63,23.74,51.22,781.36,-79.83,24.11,23.26,40.11,18.15,11.53,60.74,33.91,71.46,71.28,22.05,28.44,30.47,-19.88,78.39,-13.16,-54.45,8.3,-53.29,743.27,35.17,57.11,33.97,65.42,11.1,60.24,-101.82,-55.16,85.67,84.33,17.24,-49.78,13.07,-27.74,-90.79,-24.64,33.37,-9.5,81.83,63.11,-13.71,-79.5,-100,-31.93,35.38,26.18,38.87,28.81,-43.49,7.16,14.41,34.53,40.19,31.52,-24.96,-55.11,0.36,-58.22,-41.56,23.25,51.21,60.48,31.72,23.17,22.02,28.63,17.3,17.23,-7.15,48.25,69.76
1JD5,41.4,25.61,32.1,52.55,41.67,1059.83,2.66,37.73,51.86,22.86,56.45,-3.21,44.56,42.45,29.56,41.83,-3.94,0.66,52.96,38.63,37.61,59.42,51.89,621.02,63.98,41.53,33.3,24.82,12.84,9.46,31.63,34.57,45.98,20.11,17.83,62.6,37.42,1.62,-16,58.92,40.72,27.12,-9.67,62.78,-33.94,-14.99,6.22,25.07,39.12,37.23,10.96,-4.44,-31.85,-28.03,-9.73,28.3,30.07,20.4,13.04,16.08,19.56,16.07,57.28,17.4,22.5,-16.07,18.35,12.72,-11.22,21.11,20.04,50.99,58.37,25.28,20.99,18.47,37.31,35.47,46.1,25.01,12.51,39.43
1LB6,28.34,59.73,-9.56,-59.57,-21.71,-2.36,1623.73,-20.17,23.57,22.23,-75.64,63.21,34.41,25.53,21.81,26.34,44.56,24.95,103.61,40.06,39.21,31.57,96.66,33.22,46.29,35.4,30.34,76.12,21.88,436.65,-49.13,57.26,53.79,11.02,46.82,29.32,-9.56,77.06,78.78,-10.6,-46.82,32.95,77.21,41.89,53.25,77.54,87.8,19.31,42.91,21.3,41.44,97.36,55.61,50.72,50.23,29.17,18.76,35.2,23.47,122.26,40.33,15.89,47.54,28.09,20.24,80.34,343.75,47.69,75.77,125.8,9.58,-26.89,3.58,33.27,17.05,28.9,42.88,25.28,25.9,56.16,23.5,-0.91
1MF4,37.52,59.96,58.12,37.06,5.48,37.73,14.8,1221.7,6.66,43.87,49.08,-38.48,13.18,37.44,3.98,39.35,-0.52,67.22,17.06,40.7,58.5,-6.65,12.89,27.71,5.06,47.21,52.79,-9.85,56.52,10.87,47.15,44.98,43.02,47.56,54.18,-15.53,82.87,-2.63,-2.56,66.86,66.95,42.32,-6.86,6.93,-3.87,8.66,-15.95,5.57,2.55,56.59,57.53,10.82,41.13,42.07,43.33,23.77,-0.33,31.2,38.36,49.15,12.83,13.06,-25.85,33.83,22.35,-59.06,-4.95,-12.45,10.1,34.14,0.47,71.2,49.79,37.87,24.53,17.13,15.18,48.44,20.57,-25.41,62.41,63.23
1MFG,46.73,57.09,11.69,17.3,13.77,32.3,50.65,9.52,990.73,-9.65,15.25,28.96,31.64,23.04,53.1,23.24,55.64,23.69,747.28,27.97,59.78,-8.19,750.14,14.42,493.67,63.8,57.93,42.29,34.51,59.31,16.8,31.2,51.54,30.29,47.71,-6.96,0.57,21.12,49.55,-3.02,1.85,31.48,11.21,491.21,57.17,10.7,14.28,44.01,27.3,49.82,71.93,49.23,21.34,16.7,42.21,412.29,397.85,54.89,63.32,58.47,320.19,12.94,461.7,5.51,407.52,24.27,68.3,41.99,38.04,63.7,49.33,29.54,6.59,42.58,424.77,417.06,518.63,61.88,56.3,43.23,8.69,2.34
1OAI,6.74,61.62,61.18,61.55,51.22,10.95,16.92,43.87,-9.65,529.9,62.38,-3.2,2.29,13.65,-12.26,8.46,-0.92,48.71,-7.79,60.78,40.35,17.69,4.77,13.65,2.53,42.96,48.18,28.82,26.16,30.87,34.72,35.62,46.64,47.91,26.3,25.46,69.94,-29.79,27.49,59,59.59,13.96,29.18,-12.55,19.78,27.64,28.84,13.06,-3.89,55.91,39.46,16.56,38.78,37.28,38.65,-11.57,-8.53,-10.6,1.19,-11.09,-19.99,16.21,9.4,53.64,-11.36,27.36,0.82,21.61,8.98,13.22,39.37,46.34,56.12,40.05,3.16,21.57,6.27,-12.29,35.25,11.08,63.61,38.75
1T7R,29.41,3.11,67.12,86.53,781.36,56.45,-26.39,37.43,15.25,65.15,2247.07,-75.54,12.86,6.08,23.71,13.54,33.89,62.81,-3.21,35.67,86.43,7.21,-63.93,31.69,-1.5,50,30.25,-63.23,30.17,-19.98,2070.01,13.22,72.03,53.42,50.86,24.96,78.43,-77.57,-57.03,50.49,71.07,20.12,-69.79,-8.17,-19.82,-58.2,-46.66,24.49,-7.63,84.39,88.41,-83.33,-16.65,-44.25,-35.9,17.95,17.84,20.64,27.98,-110.21,6.68,22.68,-20.01,45.17,27.76,-74.02,0.69,-112.06,-47.82,-77.12,70.57,94.42,63.63,66.13,14.86,9.31,22.19,22.59,7.54,-34.95,49.12,95.53
1X2R,55.72,69.5,-96.03,-188,-79,30.93,35.16,7.87,36.64,-3.2,-89.73,3162.53,39.29,56.52,52.46,56.62,19.63,25.75,47.9,26.86,88.52,28.06,66.71,46.72,57.71,16.48,80.43,493,-34.68,68.92,-85.91,49.44,40.08,47.77,55.42,11.32,-96.45,452.63,471.83,-75.01,-99.57,52.47,475.93,-9.92,57.26,475.56,505.9,37.82,-6.21,-147.95,71.6,62.56,429.99,416.37,426.24,-7.74,35.36,39.41,36.79,87.24,42.16,-2.94,61.85,-13.72,40.98,484.35,94.45,63.55,86.33,57.64,-18.98,-30.24,-22.8,-2.12,60.21,58.81,44.89,29.8,43.29,82.52,-56.32,-116.71
1YWO,261.3,49.13,-17.12,-20.78,24.61,44.22,34.41,13.18,18.21,-33.15,12.86,44.8,590.8,46.77,241.17,48,21.02,9.21,36.55,3.77,29.37,46.1,29.64,46.32,48.78,25.13,25.55,50.66,21.07,47.14,-18.01,28.92,20.47,26.58,10.86,39.45,-31.28,42.64,51.59,-17.94,-41.27,267.15,46.82,41.98,33.58,52.32,42.8,315.91,39.44,33.41,33.05,39.74,63.14,54.55,54.74,39.1,49.95,237.96,277.24,42.24,45.14,-0.65,48.68,10.24,52.59,46.53,30.93,37.34,45.74,29.34,26.81,20.01,13.98,24.1,50.84,51.39,34.15,282.15,66.37,50.17,6.54,28.96
2HO2,36.09,41.7,-7.58,14.19,23.26,42.45,25.53,17.15,29.46,-6.67,3.88,55.79,46.77,362.8,27.61,286.16,19.53,41.36,26.93,22.21,26.15,20.17,22.33,44.35,30.72,34.42,34.98,61.97,26.21,43.68,-4.82,43.71,32.11,28.23,58.63,24.99,-5.78,63.98,63.25,19.14,19.47,26.92,71.03,17.19,45.41,63.13,68.79,55.95,12.25,52.95,24.19,33.4,73.22,73.9,74.7,26.63,23.06,31.69,37.38,40.58,44.02,-3.16,28.92,17.1,20.24,62.74,38.95,23.98,41.69,40.82,36.47,37.13,14.32,43.28,35.46,23.99,15.55,59.13,46.97,46.74,23.84,24.29
2O9V,305.63,46.13,-26.42,21.56,40.11,29.56,24.04,0.85,53.1,-12.26,19.47,50.85,241.17,27.61,715.23,34.05,48.99,21.33,54.86,44.39,53.95,28.49,42.62,17.41,57.42,47.47,50.25,52.22,36.67,49.91,24.77,41.6,18.51,46.87,67.02,34.53,-51.46,61.52,55.45,3.5,-1.18,274.43,56.29,49.23,54.32,50.57,52.49,292.74,14.85,60.76,51.58,22.41,68.11,64.82,65.43,46.97,58.59,608.16,355.15,43.49,65.02,-0.08,47.26,14.58,62.71,52.15,36.98,53.5,51.61,29.49,32.9,7.92,-9.24,23.68,57.16,54.5,49.33,267.61,89.11,29.53,-27.68,-0.32
2OEI,42.13,46.1,-24.77,15.73,18.15,41.83,8.94,16.38,32.69,8.46,7.37,55.76,47.85,286.16,34.05,410.73,20.5,39.2,26.02,27.34,37.21,25.47,26.45,42.48,29.77,35.32,38.09,70.45,32.27,28.42,5.23,15.56,35.02,38.03,58.03,28.11,-15.57,69.63,69.8,22.09,19.72,29.34,70.7,22.7,37.94,69.68,77.14,49.06,24.22,49.43,36.32,53.67,79.14,81.5,74.14,28.25,23.19,34.3,41.74,45.53,48.12,4.48,29.55,16.5,30.14,68.59,39.29,26.44,47.75,42.89,29.42,42.85,15.23,41.18,32.02,23.09,26.58,65.65,48.17,48.49,27.57,24.53
2PEH,17.28,33.16,10.37,30.94,27.2,-3.94,44.56,2.68,35.85,23.8,33.94,32.45,21.02,28.09,25.12,26.31,1026.37,60.29,17.81,74.61,84,-8.59,50.21,-5.01,30.1,61.07,51.73,48.15,43.96,39.34,1.72,52.11,47.25,54.19,60.66,15.36,5.83,8.55,31.79,17.43,-20.27,22.17,52.77,60.3,47.31,43.63,27.67,8.08,15.66,32.66,61.18,42.93,40.81,34.91,34.05,38.59,30.52,50.84,36.3,48.25,40.39,14.66,41.21,29.57,33.39,48.69,29.21,44.13,15.07,29.59,60.8,77.4,16.56,37.63,33.34,51.73,33.83,36.33,37.2,48.7,11.21,39.76
2PV1,45.07,39.77,34.73,48.62,60.74,0.66,44.45,67.22,11.6,41.7,50.67,33.17,35.85,41.36,25.22,39.2,60.29,990.43,35.44,38.52,58.6,35.13,26.56,16.08,1.98,48.63,43.83,8.5,38.28,70.65,55.01,33.67,28.64,43.44,48.67,24.98,43.27,1.65,28.93,38.71,36.7,22.27,25.31,-13.82,32.05,5.43,4.25,33.85,0.88,62.19,40.31,-3.09,85.03,79.07,82.68,-13.1,17.27,29.61,11.53,49.61,10.2,25.5,33.52,24.32,15.78,27.66,39.23,48.71,31.05,34.74,59.53,38.11,77.02,44.68,21.22,8.43,13.82,13.93,31.5,17.9,40.17,63.36
2QBW,40.29,67.99,-4.94,-75.16,23.74,12.3,103.61,3.14,747.28,-7.79,-25.94,72.77,17.71,26.93,51.43,26.02,14.88,35.44,1957.67,-13.22,89.17,8.27,1060.98,-3.34,475.69,92.44,100.05,14.52,-51.2,95.1,9.84,39.11,53.89,96.42,59.92,7.07,-19.34,14.5,17.97,-15.65,-2.03,37.69,46.19,485.76,77.4,17.36,19.37,49.74,14.07,46.31,32.37,87.48,35.19,58.86,83.22,379.57,367.48,57.47,62.05,94.14,280.91,15.57,474.82,13.67,367.66,16.06,67.98,29.64,132.9,158.92,5.99,35.63,-22.53,77.68,405.21,398.41,496.84,38.89,44.61,93.8,23.72,-53.39
2WA8,12.03,56.4,24.32,33.51,38.47,45.27,40.06,40.7,22.9,62,46.45,26.86,3.77,22.14,5.39,22.64,75.49,53.66,-13.22,963.6,34.25,14.19,-5.68,31.07,59.04,85.43,82.34,12.7,57.33,44.96,52.57,31.14,41.37,87.51,43.45,-6.24,30.24,5.18,29.52,33.99,32.92,11.32,25.87,48.13,53.57,27.48,28.07,29.3,18.36,76.53,42.6,19.43,45.78,-17.84,37.25,56.97,47.41,48.02,8.9,33.78,43.34,18.47,44.64,52.98,34.7,6.17,46.73,7.11,1.87,7.58,47.33,36.81,25.62,53.75,48.81,55.27,61.37,-13.52,57.37,47.03,35.02,29.11
2XRW,53.26,39.8,71.36,37.06,77.04,-17.35,39.21,58.5,59.78,40.35,92.71,36.85,31.54,26.15,63.96,37.21,82.37,58.6,84.54,34.25,3379.87,29.52,85.73,-9.26,71.13,34.92,100.87,120.95,15.93,38.45,76.87,17.74,37.4,50.11,74.06,43.45,33.42,122.02,119.96,71.14,70.63,63.87,120.44,72.45,41.39,120.84,128.03,63.48,23.85,15.16,2478.98,32.54,123.88,120,120.36,59.32,65.89,59.2,64.96,-16.95,74.37,10.06,-1.31,43.5,59.94,122.28,39.76,21.77,39.47,-78.74,85.69,43.18,50.43,30.61,62.63,72.46,74.02,59.43,20.13,62.37,70.51,62.14
3ASL,21.53,10.12,-21.97,11.71,8.31,54.7,9.8,-6.65,15.91,-1.08,7.21,37.41,46.1,23.57,40.29,26.52,3.21,35.52,19.39,8.05,34.85,791.4,9.43,68.5,-2.89,20.27,-3.7,23.42,24.54,10.4,-0.82,25.26,4.61,38.86,41.2,707.72,-17.83,21.1,21.64,-11.2,-17.89,37.38,7.31,21.39,31.57,18.18,28.2,21.65,221,5.85,42.36,19.16,34,26.23,41.51,17.09,10.49,41.31,32.59,26.26,15.31,4.31,8.88,11.75,9.51,22.08,6.21,19.73,6.72,22.43,21,22.91,1.21,41.06,19.39,26.64,1.97,39.24,37.49,16.76,-7.78,14.48
3CH8,35.94,53.57,12.9,-36.39,-18.55,51.89,97.24,23.72,750.14,4.77,7.77,53.92,32.34,22.33,47.11,26.45,50.21,34.28,1060.98,25.53,85.73,9.43,1966.03,24.58,456.71,79.58,96.16,45.59,-8.58,94.96,-46.08,62.61,59.17,90.88,53.36,16.77,10.15,79.08,79.45,-10.75,-43.38,44.49,19.47,458.37,43.04,79.4,48.87,33.39,28.88,9.77,83.14,116.54,60.98,68.08,55.14,361.97,355.02,50.04,59.81,97.77,274.46,11.76,399.03,-1.08,352.57,56.24,64.13,23.31,130.13,136.08,-44.37,6.01,11.68,-1.59,398.2,371.82,453.83,46.59,10.32,63.08,7.33,-33.8
3D9T,26.89,7.6,31.77,43.93,1.14,621.02,23.5,0.5,14.42,13.65,20.76,-3.16,46.32,44.35,17.41,42.48,27.32,16.08,27.89,31.07,2.04,68.5,4.77,968.93,57.08,39.05,43.67,-27.49,11.15,9.84,35.55,80.3,33.96,32.98,0.49,73.81,31.42,-22.75,-30.57,4.75,43.93,12.06,-20.43,56.15,-35.32,-24.18,-22.59,18.42,30.22,12.17,-8.99,2.69,32.02,25.92,22.46,22.27,15.6,11.61,22.26,-8.58,32.65,26.35,41.71,14.45,0.92,-21.66,19.83,18.15,8.66,22.98,34.31,34.82,51.03,36.1,37.2,35.71,16.34,23.2,23.7,32.61,34.13,49.19
3DIW,37.14,39.68,7.86,0.56,2.48,63.98,46.29,28.06,493.67,3.75,-11.64,51.98,48.96,22.67,57.42,25.57,35.37,1.98,475.69,59.04,43.76,20.4,456.71,57.08,1113.5,67.07,61.42,54.29,18.88,79.66,4.45,50.3,74.92,65.16,40.41,19.1,12.31,23.68,20.35,2.6,-4.86,41.52,26.55,956.11,51.13,-1.94,20.73,53.99,8.26,33.48,49.16,40.31,40.74,36.89,38.63,403.87,405.33,59.43,60.39,47.5,351.93,25.66,479.17,6.52,391.34,25.39,66.74,35.4,38.63,61.18,64.37,37.03,1.38,5.34,452.99,446.09,530.55,66.67,28.08,37.92,0.03,45.8
3DRF,40.99,37.55,62.36,-8.65,58.62,49.94,21.1,37.02,63.8,33.1,50.7,54.66,25.06,34.42,45.76,39.75,59.03,48.63,95.83,84.73,29.25,20.27,79.58,39.05,67.07,5502.53,5194.35,36.05,64.49,29.21,47.75,36.61,35.71,5328.73,57.78,21.43,52.06,39.09,34.45,47.67,59.99,25.18,41.03,73.61,-16.24,65.81,41.53,12.67,-1.95,4.25,70.8,57.47,19.98,46.5,87.77,41.22,44.05,43.59,10.29,84.73,43.36,20.02,58.18,46.62,42.36,44.19,46.74,-11.25,100.47,40.27,53.7,-30.89,72.67,11.7,37.95,23.35,53.54,38.65,14.08,83.27,54.19,-40.26
3DRG,10.45,35.04,52.19,38.18,38.69,17.84,18.9,53.91,-2.28,48.18,68.46,46.96,29.86,34.98,50.25,36.3,51.73,43.34,99.15,82.34,25.85,-3.7,96.16,47.27,43.68,5194.35,5749.33,45.13,61.47,57.29,1.66,34.07,38.32,5448.91,22.63,2.16,55.01,45.92,65.97,63.98,62.01,34.7,84.28,51.64,19.96,50.68,75.02,11.12,18.94,24.11,24.86,79.4,43.73,35.56,75.49,43.06,45.79,48.07,35.68,112.34,44.03,19.95,85.58,49.82,48.03,17.18,53.06,87.58,106.92,7.02,45.23,28.98,41.67,34.96,53.92,42.49,50.46,38.54,40.38,74.01,53.4,-24.27
3EMH,63.53,70.68,-55.38,-179.14,-37.68,26.2,69.84,-48.68,42.29,26.12,-84.75,493,50.66,62.91,50.98,70.45,48.15,8.5,61.96,22.61,101.09,25.11,50.05,-27.49,54.29,52.81,43.94,3263.77,19.67,73.62,-62.74,17.8,29.59,44.64,99.34,14.07,-44.93,3056.43,3195.09,-74.28,-62.62,64.39,3118.57,56.04,56.42,3132.33,3181.2,48.53,8.2,8.37,76.66,60.43,1383.88,1448.22,1446.24,43.04,5.45,48.61,64.16,72.95,39.67,-3.44,43.85,-3.25,13.72,3157.89,61.13,81.47,119.49,80.82,35.57,-34.82,-10.71,52.61,35.55,20.36,37.23,49.65,15.23,71.22,-37.19,-111.25
3IQG,45.24,56.87,35.4,50.22,20.54,0.45,19.74,34.62,16.49,42.56,17.8,-34.68,21.07,27.06,56.24,32.27,62.98,49.05,26.86,50.74,15.93,24.92,5.11,25.29,28.2,71.85,66.05,19.67,2986.03,14.04,10.45,25.27,21.74,62.92,72.45,25.36,46.62,16,19.07,28.2,-1.65,22.08,30.61,14.36,20.92,24.07,28.19,24.12,7.7,55.93,49.01,0.36,-8.94,-12.99,17.14,18.89,20.86,43.53,58.31,-9.52,-16,14.58,5.1,28.23,5.83,38.02,6.86,26.29,-11.34,-13.17,113.37,60.86,76.42,19.55,34.47,30.58,31.9,39.98,17.32,16.92,38.72,61.99
3IVV,54.39,42.42,-38.35,-58.91,-43.01,22.07,436.65,-16.98,59.61,12.46,7.29,43.11,50.3,36.76,49.91,47.37,22.91,70.65,95.1,57.5,56.99,13.55,95.4,-15.87,79.66,33.13,61.21,73.62,14.04,1468.8,-4.36,56.48,14.93,59.15,32.61,-0.5,-71.17,87.63,76,-56.28,-44.89,31.18,70.85,60.98,58.14,76.69,67.21,42.05,23.32,69.91,-36.36,89.89,51.71,63.84,55.71,44.79,44.31,47.59,45.13,108.99,82.5,-0.29,75.38,9.59,47.77,83.68,475.73,70.09,85,112.39,23.69,23.83,-24.19,27.53,43.38,67.16,59.4,55.38,61.26,69.12,18.91,5.24
3L3X,20.95,26.12,66.76,88.06,743.27,41.43,-59.47,47.15,16.8,40.64,2070.01,-60.3,4.56,-4.82,24.77,5.87,28.12,41.02,-14.92,42.32,64.17,17.09,-34.92,31.73,4.24,54.49,62.9,-64.91,25.13,-13.4,2258,21.21,68.6,60.74,57.64,20.86,74.53,-58.8,-13.26,58.59,68.68,6.27,-77.47,-14.28,-3.98,-72.46,-123.18,18.47,-5.23,75.21,87.97,-12.32,-35.42,-73.43,-107.89,17.6,17.5,24.74,23.65,-97.78,-2.07,20.26,1.24,57.31,24.22,-66.74,-24.85,-25.4,-59.46,-64.13,57.35,54.92,50.28,-23.74,14.85,9.47,20.33,13.65,2.62,-41.65,68.72,53.08
3OBQ,39.77,63.28,63.24,33.28,46.04,67.36,55.33,22.57,46.3,35.62,13.22,55.78,23.3,43.39,41.6,15.56,39.53,36.84,39.11,39.14,0.59,2.69,62.61,80.3,50.3,-26.91,-17.28,27.38,27.26,42.99,29.14,1393.17,499.38,-22.08,33.36,14.97,25.04,5.35,19.01,48.3,25.24,28.39,11.53,45.62,83.82,14.14,10.8,8.39,14.34,75.14,20.21,36.99,35.71,46.78,49.04,39.39,33.95,40.31,45.73,39.64,46.26,11.45,56.81,9.52,55.63,32.17,71.35,18.66,34.76,31.49,51.53,46.67,-4.29,72.44,34.92,28.37,54.01,35.32,57.18,80.73,34.29,16.58
3R42,35.55,66.53,26.99,-31.51,57.94,47.82,76.03,43.02,42.22,46.64,71.88,83.66,19.78,32.93,47.42,35.02,50.03,46.74,53.89,48.8,24.7,17.12,59.17,33.96,78.18,51.61,32.21,64.65,21.74,22.67,51.83,499.38,1529.23,32.1,14.14,-7.45,-27.38,28.14,49.16,18.13,-25.22,24.88,9.5,69.75,54.02,6.51,-5.04,11.49,2.12,1.17,27.97,-22.12,39.58,-3.23,-4.28,47.07,53.42,30.41,44.2,59.03,69.13,14.94,61.28,34.24,42.32,36.72,-0.03,56.99,29.93,-17.17,32.91,79.86,12.22,55.08,63.58,46.16,52.38,35.27,63.98,37.91,31.44,73.06
3RYB,12.8,42.93,59.17,28.64,43.05,79.53,31.09,53.04,18.65,47.91,51.11,36.27,26.8,28.23,46.87,38.03,60.4,46.82,96.42,86.25,50.11,23.66,90.88,37.79,45.98,5328.73,5448.91,58.06,92.98,60.03,65.32,19.59,26.85,5760.8,53.74,2.14,61.46,57.45,20.89,49.51,17.7,33.5,2.49,40.79,-20.15,27.84,26.79,41.62,24.08,-7.86,94.58,61.35,43.93,35.85,41.36,49.64,43.43,44.81,15.49,103.1,39.36,20.5,89.54,44.54,38.71,48.35,53.12,43.6,104.62,28.93,75.55,7.52,59.75,36.76,45.06,44.44,54.9,24.82,14.36,78.37,54.9,-54.7
3SO6,54.75,51.45,11.83,41.66,48.32,14.93,73.08,60.98,47.71,42.5,61.71,55.42,19.87,58.63,69.77,58.03,62.62,48.67,57.74,57.45,25.79,41.18,62.89,0.49,40.41,39.25,54.76,99.34,72.45,71.5,55.91,60.75,-14.25,26.3,1274.63,38.83,-2.79,114.89,115.03,31.26,36.51,36.01,114.88,30.04,28.37,116.22,111.73,26.41,20.69,46.66,54.14,41.36,85.18,93.19,77.32,43.57,38.23,65.2,49.38,19.65,23.81,18.68,43.4,39,35.67,117.69,61.17,69.9,65.62,45.49,55.99,73.22,14.69,69.92,33.51,44.62,42.83,43.21,88.6,77.08,0.53,38.94
3SOU,30.21,28.2,-9.25,10.73,-1.41,62.6,21.29,-4.49,-2.47,0.17,19.32,25.52,39.45,24.44,34.53,28.09,17.8,27.15,5.88,4.59,32.5,707.72,16.95,73.81,14.8,21.43,18.34,26.39,28.05,13.39,12.58,6.09,-7.45,2.14,38.83,791.73,-24.89,25.58,25.52,-25.38,-25.02,26.05,31.5,22.45,23.66,34.97,29.35,24.06,217.56,2.15,29.33,10.66,34.18,35.88,37.07,4.03,13.23,39.2,30.1,34.1,10.2,-2.51,34.06,-18.36,30.6,30.77,11.19,21.96,8.13,26.63,34.48,24.94,28.4,29.27,30.45,-0.8,14.81,11.64,32.04,-4.32,2.49,22.72
3UPV,-29.76,-34.3,445.38,410.46,69.3,37.42,-19.85,82.87,-3.53,69.94,49.09,-105.7,-31.45,-5.78,-51.46,-15.57,8.34,47.06,7.47,30.24,30.97,-10.15,2.43,31.2,12.31,42.22,57.9,-57.41,54.54,-18.9,68.54,25.04,48.7,61.46,11.24,-13.36,1020.4,-72.23,-91.7,345.33,345.88,-27.67,-48.89,11.09,-51.21,-44.13,-63.51,-29.4,-23.79,218.84,69.49,-65.12,-69.97,-84.53,-70.05,7.83,6.78,-28.93,-22,-18.97,9.74,16.01,-12.68,57.14,-4.84,-59.24,-39.83,24.17,-45.33,-103.56,53.78,87.88,45.31,25.02,8.43,-21.92,7.41,-24.31,32.14,-42.89,239.76,222.5
3UVK,64.1,70.02,-70.32,-174.48,-92.64,33.04,77.9,6.65,37.45,32.36,-83.28,460.73,42.64,64.34,56.76,69.63,21.89,2.25,43.39,37.33,120.09,8.72,56.6,-7.83,19.59,55.94,64.71,3056.43,16,75.91,-52.03,17.67,28.14,29.02,111.02,29.54,-72.23,3218.23,3133.2,-67.88,-89.67,69.78,3117.19,22.86,50.24,3125.97,3106.66,59.07,23.65,18.3,111.47,44.21,1350.98,1388.83,1410.73,28.77,30.77,50.65,66.86,83.74,32.71,-5.27,1.08,15.57,25.25,3127.03,62.05,90.9,77.9,51.66,45.78,28.51,38.02,62.85,30.32,28.63,22.74,48.15,54.33,22.01,-48.53,-156.16
3UVM,62.95,64.17,-47.96,-175.24,-24.94,16.38,78.47,25.27,49.55,8.84,-61.69,471.83,51.59,62.15,58.93,69.8,21.04,1.92,17.97,29.52,60.35,25.44,41.9,-25.08,30.37,40.99,90.66,3195.09,19.07,76,-27.34,23.85,35.68,24.55,115.03,16.39,-61.6,3133.2,3305.73,-65.62,-73.86,64.67,3171.24,-14.66,44.07,3206.56,3212.53,48.19,49.27,18.39,115.49,64.43,1400.37,1435.78,1452.94,2.37,8.02,46.87,60.72,82.54,32.81,-3.18,23.93,-14.51,27.25,3210.82,62.16,69.25,94.28,81.45,15.88,5.86,4.65,52.02,38.77,16.7,39.73,50.4,29.65,21.66,-17.61,-139.39
4AIF,-22.75,7.54,340.05,316.4,86.23,58.92,-47.91,66.86,-4.76,59,95.22,-104.68,-17.94,19.14,-24.67,22.09,22.3,38.71,7.39,48.79,96.76,-11.2,-14.88,44.74,2.6,47.9,48.06,-74.28,41.79,-46.3,72.2,63.41,51.82,49.51,21.74,-20.71,345.33,-67.88,-81.77,1210.8,1171.55,-37.49,-51.48,4.71,-19.34,-66.28,-52.42,-19.95,-8.81,225.91,71.54,-55.47,-82.43,-88.36,-83.9,15.67,9.8,-25.28,22.2,-47.54,-27.17,23.52,-47.64,54.27,-7.04,-58.66,-14.21,17.42,-63.94,-83.19,54.16,107.82,77.69,29.72,-10.03,2.81,20.51,-38.45,11.99,10.25,202.68,223.7
4APO,-18.97,10.24,341.27,316.5,84.33,49.22,-42.02,66.95,15.78,59.59,71.07,-99.57,-41.27,19.47,-32.85,19.72,22.68,36.7,-23.41,39.31,71.23,-6.65,-20,43.93,-4.86,28.87,68.04,-62.62,49.75,-44.89,65.08,25.24,-25.22,68.12,36.51,-12.65,345.88,-89.67,-92.28,1171.55,1283.6,7.21,-59.49,4.67,-13.49,-79.8,-73.72,-18.82,-18.49,241.83,72.46,-76.66,-50.56,-87.9,-53.22,9.58,9.55,-16.92,-34.8,-72.87,-24.95,22.2,-2.76,60.15,-7.26,-65.39,-7.21,17.09,-73.72,-89.9,23.85,105.75,77.52,22,6.21,13.48,29.59,14.6,17.8,-3.65,200.07,244.22
4CC2,273.88,51.91,-3.46,0.2,10.28,27.12,32.95,42.32,46.69,-1.09,12.38,52.47,267.15,26.92,274.43,29.34,22.17,22.27,40.83,0.29,63.97,37.38,50.3,9.38,53.68,27.09,29.68,64.39,46.93,32.64,7.31,28.39,22.52,33.5,44.12,7.96,-27.67,69.78,62.19,2.67,-24.37,683.07,65.55,39.96,44.73,66.33,62.97,268.42,21.61,32.69,66.45,27.69,71.25,65.61,66.45,35.54,33.02,266.56,273.71,21.24,67.87,0.04,41.91,17.29,65.54,70.09,31.19,66.69,24.97,43.14,16.69,45.59,14.29,31.6,39.76,46.87,47.72,287.33,106.18,35.75,5.3,9.85
4CY1,63.79,50.5,-70.08,-185.36,-65.18,7.46,78.08,-6.86,24.85,18.11,-34.24,475.93,46.82,71.03,56.91,70.7,21.67,6.71,18.23,25.87,97.98,19.04,58.7,2.74,10.78,60.77,34.32,3118.57,30.61,70.85,-77.47,24.96,45.44,29.62,114.88,16.57,-54.91,3117.19,3171.24,-67.95,-57.32,65.55,3264.73,22.56,57.27,3176.63,3156.83,59.48,27.43,28.16,109.35,74.49,1407.31,1434.43,1450.98,4.36,29.16,50.01,54.46,66.4,26.14,1.2,41.99,22.43,15.36,3200.97,47.14,81.61,111.65,93.48,27.53,17.4,-16.27,53.64,32.62,28.71,20.69,49.83,2.71,16.62,-45.07,-145.38
4E3B,39.7,44.33,9.72,-4.17,5.03,62.78,51.31,13.75,491.21,-11.04,-8.68,48.38,41.98,23.76,49.23,22.7,60.3,-13.82,485.76,46.81,72.45,15.72,458.37,54.25,956.11,73.61,43.47,10.34,19.94,69.01,-11.95,45.62,69.75,71.08,29.87,22.45,11.09,20.87,28.04,4.71,4.67,39.96,22.56,1048.9,23.55,15.93,17.34,50.06,12.96,-9.77,57.14,11.15,3.07,-11.72,12.79,407.64,401.72,51.05,53.98,81.39,345.29,24.88,483.72,-2.09,377.98,10.88,65.69,48.11,32.15,31.26,72.64,21.56,12.58,27.84,464.93,457.75,530.24,70.57,37.54,46.18,27.68,2.12
4EQJ,26.78,35.52,1.16,-131.42,-27.7,-33.94,36.14,20.65,57.17,19.78,-15.05,72.38,42.84,45.42,54.32,32.97,20.03,25.18,80.23,53.57,60.28,33.18,81.07,-1.57,52.45,-21.6,68.39,49.09,-32.13,54.56,-3.98,82.74,57.12,-20.15,6.32,20.07,-15.69,44.01,59.73,-76.04,-44.75,49.17,52.86,23.55,2072.1,54.86,46.52,28.76,12.7,32.83,64.9,78.85,47.43,51.79,55.7,23.99,17.88,46.2,50.3,39.61,32.78,10.31,84.61,6.48,68.63,63.35,75.89,46.78,23.01,87.16,-4.48,51.71,-28.18,-37.7,59.01,58.29,46.18,36.61,53.49,45.58,-1.39,-85.5
4ERY,63.69,11.25,-54.67,-176.37,-89.37,16.37,77.54,14.83,14.23,12.25,-69.92,476.69,52.32,63.13,56.87,69.68,56.63,3.86,17.36,27.48,71.2,27.37,79.4,-25.18,24.94,36.69,27.31,3132.33,24.07,76.69,-36.2,39.89,61.68,47,116.22,11.8,-47.29,3125.97,3206.56,-56.61,-76.23,66.33,3176.63,-18.77,54.86,3306.13,3171.58,52.5,11.24,10.89,93.91,68.91,1406.36,1431.92,1453.65,8.92,12.02,49.77,68.9,64.45,32.51,1.25,19.64,-9.04,37.85,3209.01,61.96,87.2,75.13,68.38,44.05,-16.07,-62.41,36.16,32.28,15.96,33.78,48.91,39.5,53.51,-31.7,-137.58
4EWR,63.05,66.18,-66.16,-193.98,-5.59,16.35,86.47,-35.33,14.28,8.24,-46.66,505.9,42.8,68.79,56.45,77.14,22.7,4.25,74.22,28.07,61.78,8.66,46.17,-13.63,26.11,90.11,67.44,3181.2,28.19,93.22,-44.33,30.33,-5.04,57.58,111.73,15.76,-69.91,3106.66,3212.53,-36.29,-79.44,62.97,3156.83,45.71,35.64,3171.58,3297.73,49.95,22.36,-2.36,83.71,68.78,1393.48,1443.27,1441.25,6.55,8.88,46.96,59.65,89.56,41.18,3.84,22.13,-13.59,17.73,3193.55,66.94,33.8,85.94,91.07,23.82,-21.45,-32.17,24.76,37.47,15.17,13.39,53.72,39.07,63.33,-1.99,-95.32
4F14,278.09,36.82,-25.73,22.29,38.47,25.07,21.99,7.39,44.01,8.36,26.29,37.82,315.91,55.95,292.74,51.92,-6.22,43.4,49.74,-10.45,63.48,19.63,33.39,18.42,52.93,12.67,11.19,48.53,28.75,43.98,24.57,13,19.05,10.48,26.41,26.07,-29.4,59.07,48.19,-19.13,8.7,268.42,59.48,43.5,17.93,52.5,55.22,593,11.84,28.03,82.4,51.79,62.7,63.57,60.63,48.59,52.24,286.93,286.66,50.65,65.24,-2.76,50.26,18.79,53.52,58.52,14.3,44.85,22.61,28.89,19.43,28.59,-0.16,25.68,57.06,57.85,51.46,279.89,76,37.4,-15.56,-1.76
4GNE,25.59,20.09,-47.35,-14.69,-4.34,39.12,32.47,2.55,27.3,-1.07,-8.71,33.91,38.05,12.25,22.81,26.97,15.66,4.41,19.05,30.25,19.07,221,12.17,37.17,18.69,24.8,24.71,32.94,20.12,31.07,6.42,12.48,15.92,26.09,9.83,217.56,-27.75,21.06,20.07,-8.81,-13.94,21.61,23.01,17.65,20.29,20.3,29.85,11.84,1144.67,2.62,14.67,11.18,27.83,22.51,21.12,20.83,13.96,30.1,20.72,-14.81,4.51,-0.65,22.96,8.81,8.11,-2.72,33.59,38.77,12.89,13.12,36.73,8.55,-11.08,25.54,43.11,37.08,8.31,16.6,-7.39,29.66,-17.23,-2.81
4GQ6,50.94,71.36,216.39,217.81,68.54,32.87,-22.98,56.59,14.05,56.65,85.68,-43.55,42.85,52.95,60.76,49.43,32.66,62.19,35,76.53,39.66,6.26,21.03,19.64,-5.08,12.19,3.37,-9.49,-16.65,-0.01,86.83,64.88,22.11,0.31,59.99,15.01,218.84,19.99,-64.49,222.33,237.59,42.02,-22.25,-9.77,35.6,-72,-13.83,18.9,-6.26,4383.6,54.04,-13.41,-20.75,-82.6,-73.1,26.68,38.68,41.42,62.86,-38.31,58.11,18.19,-7.59,68.8,69.55,-35.66,23.99,-27.15,12.54,-100.53,49.89,101.89,74.23,24.06,79.6,63.24,49.08,32.18,-1.26,53.17,104.08,159.03
4H39,56.13,34.73,77.45,-39.81,54.05,16.1,29.93,57.53,25.93,39.46,83.85,-13.42,49.07,24.19,51.58,36.32,58.11,40.31,80.62,42.6,2478.98,38.91,78.76,3.09,49.16,71.29,74.27,116.13,41.09,0.94,91.98,14.13,8.47,66.04,77.64,45.5,69.49,79.72,112.51,71.54,69.33,66.45,126.88,57.14,30.78,118.36,114.22,82.4,37.99,65,3271,41.35,95.35,99.61,103.97,57.82,64.66,51.84,56.08,32.8,49.11,26.49,-22.25,42.24,37.48,120.53,31.87,60.82,-18.87,33.12,79.55,85.88,47.95,26.73,74.56,68.52,72.7,61.2,47.38,62.54,65.82,-0.14
4IKN,32.98,28.1,-31.59,-111.58,-30.22,33.53,89.71,-12.47,29.66,6.26,-40.29,60.4,39.58,25.66,38.45,52.41,30.3,13.17,87.48,19.43,-57.57,19.16,117.12,18.71,56.52,75.67,90.74,74.91,-15.56,89.89,-7.57,36.99,13.67,60.58,54.46,21.64,-18.97,51.4,70.18,-55.47,-84.29,37.31,74.49,11.9,78.85,92.42,62.17,51.79,28.3,-26.1,45.48,2543,74.48,79.7,70.86,37.24,36.58,41.49,20.87,853.14,48.44,5.26,12.2,20.89,20.77,93.69,83.36,13.21,69.63,194.92,40.06,5.79,12.64,46.54,64.86,67,25.66,39.5,47.1,68.89,-8.03,-70.87
4J73,72.24,36.44,-31.34,-144.83,-70.1,58.38,40.8,-8.26,42.87,44.42,-34.89,416.25,63.14,73.22,67.34,70.4,40.52,85.03,35.19,35.68,89.43,24.8,57.15,31.75,6.2,44.32,27.03,1383.88,-8.94,77.78,-35.42,16.18,-0.83,41.85,85.18,25.23,-70.14,1350.98,1400.37,-82.43,-76,71.25,1408.37,13.42,43.13,1406.36,1393.48,63.24,27.83,-14.99,121.68,62.78,3183.7,3049.71,3058.16,-8.3,9.19,56.31,60.83,50.96,69.95,-2.87,23.37,19.2,35.95,1410.26,49.05,94.36,83.84,91.07,7.92,-13.23,-21.08,25.94,41.41,45.79,42.12,80.95,58.92,100.8,-48.42,-130.92
4J78,69.28,59.75,-19.48,-133.48,-105.37,62.14,66.68,42.79,19.62,41.08,-39.31,416.37,54.55,73.9,63.79,81.5,34.91,79.07,20,37.1,123.94,36.69,55.65,59.19,30.44,32,37.5,1448.22,-12.76,55.04,-42.66,16.65,2.84,73.95,108.02,35.88,-84.53,1388.83,1435.78,-72.17,-72.72,65.61,1434.43,44.73,55.28,1431.92,1443.27,59.73,25.57,20.75,126.06,78.45,3049.71,3260.27,3185.32,5.13,20.71,67.1,77.32,73.2,24.09,3.32,29.75,-4.21,48.86,1441.91,48,90.57,55.11,78.93,18.45,-25.51,-26.78,37.84,31.2,42.05,31.98,48.49,95.04,65.42,-29.3,-113.71
4J81,63.4,46.63,-43.41,-143.92,-48.49,51.88,47.27,-11.78,42.21,31.11,-67.7,430.81,53.9,74.7,61.38,78.9,33.93,82.68,82.68,41.66,109.45,41.51,65.88,30.45,31.48,32.05,26.69,1446.24,16.35,55.71,-76.08,3.65,-1.29,54.93,105.45,22.09,-65.78,1410.73,1452.94,-83.9,-53.22,66.45,1450.98,13.1,26.89,1453.65,1441.25,59.83,23.23,-11.9,107.28,70.86,3058.16,3185.32,3280.07,23.84,20.17,67.83,79.09,69.02,26.88,4.01,12.07,-9.77,17.89,1452.38,49.32,90.4,80.77,61.94,-0.88,-21.66,-16.02,7.65,21.36,36.96,12.22,75.82,58,56.47,-13.04,-115.7
4JOE,50.72,36.81,18.72,25.68,29,39.38,38.31,11.99,412.29,-11.57,17.95,16.61,39.1,19.68,46.97,22.51,58.91,-22.45,379.57,50.64,59.32,-3.28,361.97,2.86,403.87,52.04,43.06,15.01,17.46,44.79,17.6,44.57,46.82,49.64,43.57,27.39,7.83,-2.1,8.44,6.92,2.98,32.44,18.05,407.64,56.54,31.39,49.18,50.12,19.72,26.68,57.82,37.24,3.32,-4.55,16.66,893.73,808.67,47.09,50.39,28.28,243.38,18.02,436.75,9.61,404.08,11.54,60.58,37.48,29.47,38.77,84.39,19.81,14.96,37.78,496.95,475.23,415.68,63.77,19.4,61.42,4.15,3.44
4K75,55.18,35,4.58,24.98,19.3,30.07,33.86,15.65,397.85,-8.53,17.84,43.59,49.95,20.87,58.59,9.36,61.24,17.27,367.48,47.41,65.89,10.17,355.02,15.6,405.33,-2.44,45.79,9.57,22.03,44.31,17.5,30.72,53.44,32.71,38.23,6.61,6.78,11.06,11.2,20.59,8.22,55.84,17.95,401.72,59.55,12.98,12.46,50.1,30,37.59,64.66,36.58,42.49,2.88,20.59,808.67,876.33,58.12,60.91,33.97,257.94,19.48,433.14,9,397.97,12.82,57.19,43.63,27.8,25.22,86.15,18.8,24.97,20.07,468.4,449.71,418.21,80.43,38.31,44.61,23.57,4.27
4LN2,301.72,42.66,-26.78,1.51,38.87,20.4,22.61,31.2,54.89,-10.6,26.2,48.54,237.96,31.69,608.16,34.26,50.84,20.56,57.07,48.02,50.16,41.31,50.04,11.61,59.43,43.59,21.02,48.94,43.53,37.74,19.41,40.31,30.41,43.84,65.2,42.28,-28.93,50.65,46.87,6.94,-1.24,266.56,27.69,51.73,37.8,49.77,48.98,286.93,29.91,47.83,51.84,41.76,66.65,55.48,56.02,49.22,58.12,693.8,364.31,50.44,69.21,0.03,50.95,9.95,59.79,46.2,35.04,53.55,24.67,33.99,20.93,41.5,6.99,62.61,57.94,63.18,48.7,267.44,83.86,56.88,-5.02,-5.4
4LNP,329.64,37.94,-17.46,-8.05,6.08,31.63,35.99,15.36,62.99,1.19,-7.54,40.31,277.24,37.38,355.15,41.74,28.67,47.57,62.05,4.39,64.96,32.65,59.81,13.36,60.39,38.89,25.76,64.16,58.57,33.66,18.21,46.97,33.19,15.49,44.28,30.1,-24,66.86,59.65,-0.59,-19.51,273.71,54.46,56.4,52.32,58.68,60.13,286.66,20.72,62.86,56.08,22.6,60.83,77.32,79.09,50.39,60.91,364.31,644.03,54.96,59.08,-0.12,51.89,14.35,58.35,57.14,16.5,52.48,-2.07,40.27,32.8,33.36,21.52,46.38,61.89,64.94,51.44,327.99,88.46,64.86,-19.93,15.56
4MDR,44.23,38.51,-67.8,-74.79,-58.79,12.08,106.07,25.66,59.05,6.58,-52.18,76.9,44.28,42.95,18.81,45.53,60.05,47.09,102.14,28.2,36.99,34.57,109.91,14.49,76.64,87.79,114.27,72.52,23.99,109.3,-97.78,7.77,59.03,97.76,19.71,34.1,-43.6,83.74,82.54,-82.68,-78.17,47.15,66.4,81.39,69.95,64.45,55.43,26.3,26.62,-38.31,31.93,853.14,83.5,71.91,69.02,28.28,33.97,50.44,55.31,2445.2,43.41,-8.18,58.06,18.35,62.52,64.06,107.49,75.68,109.99,202.08,10.98,13.66,-35.2,6.39,24.22,27.61,30.22,38.59,32.14,120.98,-33.61,-91.37
4NXQ,64.06,51.96,12.01,10.09,9.87,30.21,40.33,18.22,320.19,-19.99,6.68,41.52,45.14,44.02,65.02,48.12,40.39,16.16,280.91,33.91,74.37,12.21,274.46,-7.43,351.93,31.36,41.78,18.91,13.83,82.5,-4.87,46.26,69.13,39.36,23.81,14.33,2.54,32.71,46.26,-27.17,-24.95,67.87,30.92,345.29,40.39,28.12,49.74,65.24,8.43,58.11,49.11,13.12,80.17,30.8,26.88,248.99,253.1,69.21,59.08,35.83,938.23,19.51,312.54,13.94,276.59,19.14,42.39,29.14,19.76,72.48,67.57,52.92,17.02,1.31,282.56,297.13,330.05,84.52,17.38,45.89,31.72,17.82
4O36,0.32,9.27,11.05,10.85,14.41,16.07,15.89,13.06,12.94,16.21,22.68,-2.94,-0.65,-3.88,-0.08,0.35,14.66,25.5,15.57,18.47,9.53,4.31,11.76,26.35,25.66,20.02,19.95,-3.44,14.58,-0.29,20.26,9.23,14.94,20.5,18.68,-3.75,11.31,-5.27,-3.18,23.52,22.2,0.04,1.26,24.88,10.31,1.25,3.84,-2.76,-0.65,18.19,26.49,5.26,-2.87,3.86,4.01,18.02,19.48,0.03,-2.01,-8.18,19.51,116.3,24.33,14.99,17.71,-5.65,0.29,8.17,-5.36,6.93,13.57,15.23,13.95,20.56,19.23,19.36,19.17,4.28,24.58,17.14,17.86,13.73
4WYU,43.06,64.04,1.29,-50.02,30.08,31.24,50.51,-5.8,461.7,9.3,11.95,34.35,47.66,19.04,47.26,28.93,5.2,15.69,474.82,46.72,60.13,8.7,400.04,41.71,479.17,33.76,66.61,32.27,5.1,57.5,13.26,65.39,61.28,24.46,42.48,-11.41,-3.94,25.05,30.07,7.13,5.93,41.91,41.99,481.13,93.98,19.64,52.82,47.45,0.47,-28.07,-22.25,15.51,27.46,13.43,72.69,436.75,433.14,50.95,51.89,58.06,312.54,24.33,2128.3,7.13,428.05,-4.64,47.67,31.8,52.44,8.99,79.67,1.52,26.06,13.99,451.97,444.84,474.4,71.8,39.85,26.82,9.59,16.02
4X3H,20.62,48.33,39.86,35.5,40.88,20.23,32.55,34.1,5.51,53.64,45.17,25.73,3.95,9.06,0.4,16.5,29.57,24.32,13.67,42.4,43.5,1.15,-1.08,23.98,6.52,46.62,49.82,-0.59,21.13,19.08,51.79,9.52,31.06,31.83,43.01,6.02,57.14,19.54,-5.03,54.27,57.34,-7.38,11.5,-2.09,-19.63,19.7,18.48,4.25,8.81,68.8,42.24,-2.91,20.29,-17.22,6.92,5.12,9,9.95,19.1,-3.73,13.94,14.99,7.13,740.4,3.27,16.49,12.16,24.38,-14.68,-31.21,84.57,57.55,42.58,52.25,10.67,6.2,4.3,11.29,28.63,19,58.55,27.32
4XHV,61.22,33.25,-0.38,10.54,31.52,32.6,20.24,18.2,407.52,-2.9,28.06,6.1,49.29,20.24,54.95,25.87,22.53,15.78,367.66,24.65,59.94,9.51,352.57,10.43,391.34,42.36,15.9,31.71,37.76,39.81,24.22,55.63,42.32,38.71,41.88,2.07,1.35,44.21,23.44,-7.04,-7.26,64.98,21.95,377.98,68.63,28.39,22.22,53.52,20.97,65.63,-12.46,48.07,-5.5,24.11,19.16,404.08,397.97,59.04,58.94,30.87,274.6,17.71,428.05,38.03,963.97,46.85,49.27,30.16,37.61,59.33,71.51,24.96,20.77,43.21,410.19,416.47,383.95,67.29,52.31,36.66,4.75,34.33
4Y7R,65.13,47.76,-63.21,-167.12,-27.27,-22.58,77.23,28.81,17.35,18.68,-32.27,484.35,46.53,62.74,52.15,68.59,47.02,6.04,72.24,26.82,109.02,-2.06,79.99,-19.23,32.56,44.19,41.83,3157.89,38.02,83.68,-46.22,28.32,35.04,14.82,117.69,17.91,-81.9,3127.03,3210.82,-12.68,-76.16,70.09,3200.97,22.44,67.21,3209.01,3193.55,58.52,13.24,-38.53,115.98,76.17,1410.26,1441.91,1452.38,5.6,14.18,51.33,57.14,90.49,43.85,-5.65,19.72,-25.59,15.51,3300.93,60.55,79.32,88.78,71.47,37.98,-22.72,-33.81,64.96,-8.5,15.36,19.93,49.61,43.74,73.52,-33.55,-145.36
4YSI,30.1,52.68,-55.64,-12.89,-9.64,-28.69,343.75,13.61,67.69,-11.41,-43.24,97.66,16.97,38.97,13.86,38.71,29.96,39.23,67.98,29.87,58.48,24.15,68.14,17.79,66.74,29.57,35.48,39.32,41.33,475.73,-47.48,71.35,2.56,38.19,45.71,12.39,-36.44,62.07,62.51,-41.87,-68.35,31.63,60.89,46.35,49.14,55.09,66.94,22.51,28.89,38.6,29.89,83.36,47.7,65.74,49.4,55.32,59.1,10.47,16.5,107.49,78.7,0.29,41.19,23.15,46.83,60.01,1428.43,45.65,75.48,113.23,58.43,44.34,-26.12,23.9,49.52,49.9,58.79,21.16,28.78,74.67,5.1,-39.59
4ZHL,61.42,36.63,16.7,-73.87,-20.29,16.26,47.69,-5.8,47.58,21.61,-51.26,50.14,31.69,32.08,53.5,26.44,44.13,8.88,51.2,41.21,21.77,8.92,31.22,22.82,12.49,26.58,1.52,83.61,21.13,70.82,-45.22,7.79,65.64,57.03,68.56,22.08,-4.13,91.97,84.63,21.22,21.17,67.66,72.57,53.31,57.61,93.71,86.63,42.81,34.63,-15.94,74.3,21.48,95.06,77.54,88.28,36.19,26.26,53.55,50.99,75.68,29.14,8.17,61.97,24.48,12.17,68.65,44.63,2646,124.44,64.76,10.82,33.6,0.9,41.05,8.69,87.79,46.93,61.25,43.69,55.34,26,-103.15
5A2J,56.09,36.51,-32.93,-81.01,-77.96,-7.87,75.77,20.88,38.04,-10.6,-42.13,85.38,50.98,41.69,51.61,46.2,15.07,31.05,127.19,1.87,50.01,18.93,85.74,-5.61,38.63,110.91,106.92,95.08,9.58,82.22,-79.73,32.12,29.93,104.62,70.48,12.62,-50.68,73.01,73.36,-37.21,-67.03,48.33,115.5,16.02,70.72,75.13,80.1,38.49,17.64,13.07,-15.81,94.43,92.1,87.15,103.03,32.97,30.02,31.17,48.19,78.17,19.76,1.58,52.44,4.02,8.37,93.11,75.48,92.6,2368,139.42,-31.3,28.87,-73.74,2.95,40.67,62.93,37.97,60.09,39.52,60.87,-21.28,-89.64
5CFA,35.72,42.43,-30.45,-67.69,-46.03,-13.21,129.19,7.6,62.35,13.41,-63.82,48.97,31.73,40.82,39.04,42.89,77.02,14.91,158.92,-4.11,63.9,22.43,138.52,1.33,61.18,84.81,7.02,83.02,12.99,112.39,-15.81,38.35,26.37,31.23,41.12,26.52,-103.56,51.66,69.27,-67.36,-62.77,46.89,68.4,31.26,38.6,68.05,63.43,28.89,8.02,-31.59,33.12,192.94,67.57,78.93,80.21,42.11,42.45,34.26,46.2,202.08,73.13,5.16,51.63,-31.21,57.27,76.09,113.23,83.74,136.81,3379.13,1.44,16.31,-14.39,39.17,31.41,56.87,58.77,23.56,7.52,130.26,-7.47,-98.33
5E1D,27,41.93,26.44,36.59,23.25,-7.78,51.4,9.29,52.61,38.4,5.77,-18.98,21.4,43.43,32.9,42.28,60.8,59.53,4.74,25.78,51.69,35.25,-44.37,29.95,66.53,82.55,71.12,37.65,121.47,23.69,44.37,59.6,37.16,74.03,55.99,36.53,27.54,45.78,-13.58,54.16,26.44,38.44,27.53,62.4,-15.68,44.05,27.14,19.43,12.99,53.66,60.47,47.76,33.78,-1.04,14.57,58.81,58.35,28.9,35.14,90.52,67.57,13.57,52.25,84.57,71.51,37.98,64.04,10.82,9.87,17.53,2259,35.26,-6.16,43.73,64.46,73.87,62.13,30.59,24.35,67,49.14,50.91
5E2Q,46.99,81.16,119.01,119.16,52.37,21.44,3.98,71.2,26.48,56.58,43.01,-64.42,18.39,35.33,13.75,42.86,75.02,58.51,43.62,36.79,58.53,25.2,19.72,24.36,35.49,36.08,57.56,-10.86,32.95,22.85,37.27,33.08,64.96,63.26,81.96,28.62,97.28,6.9,-16.13,107.82,105.75,45.59,-37.79,29.33,1.07,11.5,-45.52,37.37,1.63,84.68,26.49,15.32,-23.78,20.26,-11.33,-2.14,28.35,41.5,47.62,21.23,57.12,15.23,28.08,29.48,27.9,42.79,45.63,54.4,16.45,16.31,42.29,6894.9,46.72,50.67,-6.15,28.44,20.74,38.88,60.26,58.15,71.89,38.97
5GP7,39.72,7.12,40.88,72.15,53.24,58.37,27.12,23.04,26.86,56.12,71.31,-21.84,2.46,13.87,-17.01,10.82,21.9,77.9,-22.53,25.62,56.36,21.65,-1.3,52.28,6.13,28.95,23.64,-31.28,76.42,-22.85,69.08,-9.45,-2.65,73.41,14.69,28.4,45.31,-38.72,-55.16,77.69,77.52,15.73,-20.89,12.58,-23.41,-41.83,-16.43,-0.16,-16.99,67.09,40.06,-30.55,-36.7,-23.21,-60.8,28.21,25.93,-1.38,9.17,-24.19,17.02,13.95,22.31,42.58,20.77,-45.47,-26.12,0.9,-51.82,-35.82,3.94,31.51,1547.43,46.04,38.24,38.77,33.35,2.98,43.11,-20.23,53.19,65.74
5GU4,64.37,53.59,50.11,-6.18,38.83,25.28,-13.3,44.23,40.8,20.09,51.35,-16.46,18.75,43.28,55.98,41.18,37.63,44.68,77.68,16.75,40.87,41.06,53.6,19.97,11.05,-24.9,55.12,38.78,19.55,-0.04,-23.74,62.9,60.57,43.88,28.61,29.27,2.1,56.15,20.91,32.05,23.81,38.72,54.07,16.38,-34.73,73.03,62.84,25.68,-20.58,13.99,27.13,51.95,74.49,17.92,18.9,38.22,40,62.61,45.96,6.39,60.08,20.56,5.22,52.25,38.13,56.28,23.9,11.12,2.95,-29.29,41.09,64.72,23.92,2462.07,10.43,50.5,35.39,36.48,37.54,61.87,16.88,21.75
5HEB,60.22,39.07,5.08,6.39,25.53,23.04,35.31,20.68,424.77,2.59,17.42,60.21,50.84,26.94,57.16,29.91,23.19,19.3,407.55,37.74,62.63,27.03,398.2,37.2,452.99,33.53,46.33,40.57,24.14,44.51,28.05,34.92,63.58,37.77,51.46,30.45,-10.64,44.15,26.42,4.68,6.21,34.22,45.57,464.93,59.34,25.67,33.99,57.06,8.31,79.6,61.47,64.86,21.36,42.74,-5.9,496.95,468.4,57.94,63.69,28.59,282.35,19.23,451.97,13.64,410.19,26.9,48.04,75.05,49.27,49.68,64.46,51.73,38.24,47.76,1222.2,1078.82,464.48,71.05,58.58,35.62,14.87,1.04
5HEY,59.28,48.45,6.49,11.33,21.56,18.47,44.26,11.49,417.06,23.33,-7.91,45.99,51.39,15.67,58.97,28.98,30.69,18.27,399.39,55.27,75.8,26.64,371.82,35.71,446.09,-15.84,52.38,24.23,30.58,51.46,21.02,28.37,46.16,39.74,44.62,11.11,4.71,30.54,30.62,2.81,4.96,35.36,35.41,457.75,58.29,31.02,32.17,57.85,15.16,81.57,68.52,67,45.79,37.72,37.43,475.23,449.71,63.42,64.94,38.29,295.3,19.36,444.84,16.82,416.47,25.3,49.9,87.79,52.87,40.6,62.98,7.72,38.77,49.6,1078.82,1211.13,454.61,72.99,34.02,30.83,16.73,11.1
5WOU,59.16,61.26,18.41,21.5,28.63,44.78,48.15,-13.01,518.63,7.64,22.19,44.89,34.15,23.1,49.33,30.44,13.05,13.82,496.84,61.37,74.02,8.48,453.83,16.8,530.55,53.54,50.46,37.23,20.93,64.74,20.33,58.02,58.89,54.9,46.77,9.02,7.41,17.96,41.69,19.84,22.17,50.49,8.35,530.24,46.18,27.38,25.1,51.46,8.67,29.86,72.7,25.66,47.59,60.59,48.02,415.68,418.21,48.7,51.84,48.55,331.07,19.17,474.4,4.3,383.95,22.64,64.28,47.73,28.48,64.43,62.13,28.61,23.9,25.25,464.48,454.61,962,79.06,40.82,81.56,16.83,45.5
5XHZ,291.87,45.67,-34.27,11.68,11.21,33.26,23.92,27.12,61.88,-11.92,12.67,29.8,282.15,59.13,267.61,65.65,36.33,23.39,76.63,25.32,59.43,39.24,58.67,23.2,66.67,38.74,12.78,49.65,40.1,55.38,13.5,29.76,30.52,38,43.74,25.98,3.46,48.15,50.4,-38.45,3.19,287.33,48.92,72.2,38.61,48.91,46.06,279.89,16.6,29.6,61.2,39.5,80.95,78.14,75.82,63.77,80.43,267.44,327.99,57.26,84.52,4.28,72.84,7.75,57.25,52,42.96,60.67,61.09,27.78,30.59,48.45,-0.16,36.48,71.05,72.99,79.06,631.77,95.07,53.13,-2.12,20.17
5YGF,106.12,42.66,33.85,-13.27,-26.35,46.1,27.53,20.57,56.3,33.39,-31.64,47.26,66.37,46.97,86.12,49.2,47.6,31.5,64.76,74.96,29.01,17.88,59.67,36.21,29.79,67.12,34.63,24.73,25.96,61.26,5.65,36.89,67.04,52.77,102.51,14.01,-13.7,4.8,76.12,-1.77,-11.75,106.18,18.92,37.54,53.49,30.16,70.25,76,27.26,27.51,13.28,47.1,59.39,55.7,39.65,28.87,40.7,83.86,88.46,4.34,63.4,24.58,39.85,36.07,52.31,25.01,48.37,46.78,39.52,60.22,24.35,42.05,43.77,37.54,43.75,45.21,44.61,99.82,2127.47,61.77,40.86,-27.89
6CDG,43.22,73.47,-26.53,-0.74,-33.99,7.73,81.69,5.02,30.42,11.08,-43.56,82.66,34.96,46.74,56.05,48.49,53.72,18.58,72.01,56.39,61.63,5.91,93.06,9.39,68.8,63.6,74.01,71.22,39.39,97.92,-44.78,55.51,37.91,87.23,79.13,8.01,-38.62,67.84,57.73,-39.1,-36.95,34.96,55.59,30.93,52.38,67.83,33.47,37.4,34.59,39.69,85.41,75.07,46.15,42.08,41.76,39.97,40.25,46.53,67.25,68.57,42.59,17.14,25.14,19,29.18,61,77.08,70.37,37.27,139.06,66.94,44.51,-19.6,59.67,20.05,26.96,46.36,58.15,61.77,1723.1,14.14,-25.19
6EVN,16.72,9.6,224.46,267.57,48.25,12.51,32.44,63.14,8.69,63.61,45.62,-62.6,7.21,23.84,-11.34,27.57,0.05,40.17,20.32,35.02,59.73,-7.78,7.33,34.13,28.86,54.19,53.4,-21.63,38.72,-13.82,67.02,34.29,50.1,54.9,1.38,4.58,239.76,-33.87,-38.34,202.68,200.07,-27.17,-37.05,27.68,10.26,-25.53,-34.12,-10.78,-19.56,109.03,65.82,14.74,-20.92,-56.96,-13.04,4.15,4.33,-5.02,-19.93,-33.61,31.72,17.86,21.04,62.72,4.75,-0.62,12.23,26,-26.01,-71.78,49.14,71.89,46.28,15.99,14.87,16.73,16.83,-11.19,18.84,14.14,818.03,154.78
6IM4,20.99,10.6,192.05,359.03,82.38,39.43,17.53,41.64,2.34,62.68,91.36,-124.5,28.96,1.84,13.77,24.53,42.5,63.36,-19.86,29.11,62.14,15.03,-68.73,37.52,45.8,-1.69,-24.27,-111.25,61.99,33.59,85.54,32.02,73.06,-54.7,52.82,21.89,229.78,-156.16,-139.39,223.7,244.22,-4.74,-145.38,40.73,-56.47,-135.82,-95.32,7.83,-6.85,147.09,79.18,-81.74,-130.92,-130.83,-99.68,3.44,-3.17,12.4,5.06,-22.91,21.09,13.73,11.2,39.99,34.33,-135.16,-42.77,-103.15,-91.7,-103.93,46.53,72.18,65.79,46.31,10.97,11.1,45.5,20.17,-20.29,56.76,154.78,3445.1
